[
	{
		"name": "夜曲",
		"artist": "周杰伦",
		"url": "/medias/music/yequ.mp3",
		"cover": "/medias/music/avatars/yequ.jpg"
	},{
		"name": "一路向北",
		"artist": "周杰伦",
		"url": "/medias/music/yiluxiangbei.mp3",
		"cover": "/medias/music/avatars/yiluxiangbei.jpg"
	},{
		"name": "来自天堂的魔鬼",
		"artist": "邓紫棋",
		"url": "/medias/music/tiantangdemogui.mp3",
		"cover": "/medias/music/avatars/tiantangdemogui.jpg"
	},{
		"name": "倒数",
		"artist": "邓紫棋",
		"url": "/medias/music/daoshu.mp3",
		"cover": "/medias/music/avatars/daoshu.jpg"
	}
]